anzahl,vorname,geschlecht
49,Sophie,w
42,Marie,w
35,Maria,w
31,Emilia,w
30,Lukas,m
27,Leon,m
24,Alexander,m
21,David,m
21,Maximilian,m
21,Emma,w
20,Elif,w
19,Mia,w
18,Luca,m
18,Samuel,m
18,Leonie,w
18,Sofia,w
18,Sophia,w
17,Elias,m
17,Jonas,m
17,Paul,m
17,Lea,w
16,Noah,m
15,Finn,m
15,Liam,m
14,Anna,w
14,Laura,w
14,Ben,m
13,Emily,w
13,Julian,m
13,Raphael,m
12,Alina,w
12,Hanna,w
12,Benjamin,m
12,Mira,w
12,Louis,m
11,Katharina,w
11,Jakob,m
11,Lara,w
11,Lena,w
11,Lina,w
10,Ali,m
10,Daniel,m
10,Emil,m
10,Jasmin,w
10,Emir,m
10,Julia,w
10,Gabriel,m
10,Melina,w
10,Malik,m
10,Mila,w
10,Tim,m
10,Sara,w
10,Valentin,m
9,Amelie,w
9,Erik,m
9,Charlotte,w
9,Jan,m
9,Clara,w
9,Joel,m
9,Elisa,w
9,Joshua,m
9,Johanna,w
9,Nico,m
9,Klara,w
9,Tom,m
9,Leni,w
9,Vincent,m
9,Lotta,w
9,Yusuf,m
9,Maja,w
9,Mina,w
8,Henry,m
8,Leo,m
8,Elena,w
8,Levin,m
8,Hannah,w
8,Luis,m
8,Isabella,w
8,Manuel,m
8,Lia,w
8,Marlon,m
8,Lilly,w
8,Max,m
8,Lisa,w
8,Mert,m
8,Victoria,w
8,Muhammed,m
8,Rafael,m
7,Ella,w
7,Meryem,w
7,Felix,m
7,Nisa,w
7,Jason,m
7,Nora,w
7,Jonathan,m
7,Zeynep,w
7,Maxim,m
7,Moritz,m
7,Nick,m
7,Simon,m
6,Alessia,w
6,Aurelia,w
6,Ayla,w
6,Elisabeth,w
6,Adrian,m
6,Esma,w
6,Christian,m
6,Luise,w
6,Emilio,m
6,Marlene,w
6,Fabian,m
6,Nur,w
6,Florian,m
6,Sarah,w
6,Johannes,m
6,Viktoria,w
6,Konstantin,m
6,Linus,m
6,Mark,m
6,Mateo,m
6,Michael,m
6,Niklas,m
6,Noel,m
6,Sebastian,m
6,Wolfgang,m
5,Alexandra,w
5,Amalia,w
5,Carlotta,w
5,Chiara,w
5,Ela,w
5,Elina,w
5,Eva,w
5,Fatma,w
5,Jolina,w
5,Aaron,m
5,Josephine,w
5,Andreas,m
5,Karla,w
5,Arda,m
5,Karolina,w
5,Benedikt,m
5,Leana,w
5,Deniz,m
5,Luisa,w
5,Elia,m
5,Mara,w
5,Enes,m
5,Melissa,w
5,Ferdinand,m
5,Nicole,w
5,Friedrich,m
5,Pauline,w
5,Georg,m
5,Romy,w
5,Hamza,m
5,Sofie,w
5,Henri,m
5,Julius,m
5,Jürgen,m
5,Luke,m
5,Martin,m
5,Mats,m
5,Matteo,m
5,Milan,m
5,Nils,m
5,Ole,m
5,Philipp,m
5,Samu,m
5,Selim,m
4,Alisa,w
4,Antonia,w
4,Aylin,w
4,Cataleya,w
4,Elsa,w
4,Emelie,w
4,Franziska,w
4,Helena,w
4,Ida,w
4,Jana,w
4,Letizia,w
4,Liana,w
4,Magdalena,w
4,Adam,m
4,Mariella,w
4,Alexandru,m
4,Mayla,w
4,Andrei,m
4,Miray,w
4,Berat,m
4,Miriam,w
4,Christopher,m
4,Nele,w
4,Constantin,m
4,Nina,w
4,Damian,m
4,Paula,w
4,Darius,m
4,Pia,w
4,Dennis,m
4,Rosalie,w
4,Emanuel,m
4,Selin,w
4,Eren,m
4,Selina,w
4,Eymen,m
4,Valeria,w
4,Francesco,m
4,Vanessa,w
4,Kaan,m
4,Zoe,w
4,Karl,m
4,Leonard,m
4,Lias,m
4,Lion,m
4,Marcel,m
4,Marvin,m
4,Mehmet,m
4,Nikita,m
4,Oskar,m
4,Osman,m
4,Patrick,m
4,Phil,m
4,Robin,m
3,Alea,w
3,Amelia,w
3,Amira,w
3,Anastasia,w
3,Anita,w
3,Asmin,w
3,Aurela,w
3,Aurora,w
3,Azra,w
3,Beyza,w
3,Carla,w
3,Carolin,w
3,Carolina,w
3,Adem,m
3,Eliza,w
3,Alessio,m
3,Emilie,w
3,Alp,m
3,Emine,w
3,Amar,m
3,Erva,w
3,Anton,m
3,Eslem,w
3,Barış,m
3,Esra,w
3,Bennet,m
3,Frieda,w
3,Bruno,m
3,Greta,w
3,Chris,m
3,Helene,w
3,Colin,m
3,Isabell,w
3,Davide,m
3,Joleen,w
3,Denis,m
3,Julie,w
3,Devin,m
3,Juna,w
3,Dion,m
3,Kate,w
3,Edgar,m
3,Kaur,w
3,Efe,m
3,Leona,w
3,Elion,m
3,Leyla,w
3,Elyas,m
3,Lilli,w
3,Emin,m
3,Luana,w
3,Furkan,m
3,Lucia,w
3,Giuliano,m
3,Luna,w
3,Hannes,m
3,Lynn,w
3,Hermann,m
3,Marina,w
3,Jamie,m
3,Marissa,w
3,Jannis,m
3,Mathilda,w
3,Johann,m
3,Maya,w
3,Jona,m
3,Medina,w
3,Kerem,m
3,Melisa,w
3,Lennard,m
3,Michaela,w
3,Lennox,m
3,Milena,w
3,Leonardo,m
3,Noemi,w
3,Luan,m
3,Rebekka,w
3,Matti,m
3,Rosa,w
3,Mika,m
3,Samira,w
3,Muhammad,m
3,Theresa,w
3,Niclas,m
3,Valentina,w
3,Oliver,m
3,Yaren,w
3,Richard,m
3,Zara,w
3,Sven,m
3,Taha,m
3,Tarik,m
3,Theo,m
3,Til,m
3,Tobias,m
3,Tyler,m
3,Ömer,m
2,Aileen,w
2,Alara,w
2,Alba,w
2,Alia,w
2,Alice,w
2,Alicia,w
2,Allison,w
2,Almira,w
2,Alessandro,m
2,Alya,w
2,Alex,m
2,Amina,w
2,Andrej,m
2,Amine,w
2,Aras,m
2,Amélie,w
2,Arnis,m
2,Andrea,w
2,Arthur,m
2,Anna-Lena,w
2,Aurelio,m
2,Annalisa,w
2,Auron,m
2,Annelie,w
2,Azad,m
2,Anni,w
2,Baran,m
2,Ariana,w
2,Bilal,m
2,Arin,w
2,Can,m
2,Ayşe,w
2,Cudi,m
2,Betül,w
2,Daniil,m
2,Carmen,w
2,Danny,m
2,Celina,w
2,Darian,m
2,Ceyda,w
2,Daris,m
2,Chanel,w
2,Dean,m
2,Chayenne,w
2,Dejan,m
2,Denisa,w
2,Denny,m
2,Denise,w
2,Domenico,m
2,Deniz,w
2,Dominic,m
2,Dimitrova,w
2,Dominik,m
2,Diora,w
2,Edin,m
2,Eda,w
2,Eli,m
2,Elise,w
2,Elian,m
2,Elmira,w
2,Emilian,m
2,Enya,w
2,Emre,m
2,Erika,w
2,Ensar,m
2,Erina,w
2,Eray,m
2,Esila,w
2,Eric,m
2,Eve,w
2,Erion,m
2,Fatima,w
2,Eyüp,m
2,Felicitas,w
2,Fabio,m
2,Fiona,w
2,Florin,m
2,Florentine,w
2,Frank,m
2,Gioia,w
2,Fridolin,m
2,Hana,w
2,Fynn,m
2,Hatice,w
2,Giuseppe,m
2,Helga,w
2,Hagen,m
2,Helin,w
2,Halil,m
2,Hira,w
2,Han,m
2,Hümeyra,w
2,Hüseyin,m
2,Ilse,w
2,Ibrahim,m
2,İpek,w
2,Ilyas,m
2,Isabel,w
2,Jack,m
2,Isabelle,w
2,Jacob,m
2,Ivona,w
2,Jamal,m
2,Jasmina,w
2,Jannik,m
2,Jolie,w
2,Jay,m
2,Joy,w
2,Jochen,m
2,Joyce,w
2,Jonah,m
2,Juliane,w
2,Josef,m
2,Karina,w
2,Juan,m
2,Karlotta,w
2,Justus,m
2,Kiara,w
2,Kevin,m
2,Kimberly,w
2,Koray,m
2,Larissa,w
2,Lasse,m
2,Leonita,w
2,Laurent,m
2,Leonora,w
2,Laurin,m
2,Liah,w
2,Leandro,m
2,Linda,w
2,Lenn,m
2,Lora,w
2,Levi,m
2,Loreen,w
2,Lian,m
2,Lorena,w
2,Lio,m
2,Lotte,w
2,Lucas,m
2,Lucy,w
2,Lucian,m
2,Madeleine,w
2,Mahir,m
2,Madita,w
2,Malte,m
2,Mariam,w
2,Mario,m
2,Marleen,w
2,Marko,m
2,Martha,w
2,Matheo,m
2,Maxima,w
2,Michel,m
2,Melanie,w
2,Mihai,m
2,Melek,w
2,Mike,m
2,Monika,w
2,Mio,m
2,Nathalia,w
2,Mirhat,m
2,Nela,w
2,Mohamed,m
2,Olivia,w
2,Muhamed,m
2,Philippa,w
2,Musa,m
2,Rahime,w
2,Musab,m
2,Ravzanur,w
2,Nathanael,m
2,Rita,w
2,Neo,m
2,Salma,w
2,Nicolas,m
2,Samantha,w
2,Oscar,m
2,Sarina,w
2,Pablo,m
2,Sinem,w
2,Pepe,m
2,Stella,w
2,Peter,m
2,Tatjana,w
2,Phillip,m
2,Teresa,w
2,Robert,m
2,Thea,w
2,Roni,m
2,Tiara,w
2,Rüzgar,m
2,Veronika,w
2,Salvatore,m
2,Viviana,w
2,Samy,m
2,Vivien,w
2,Silas,m
2,Xenia,w
2,Stefan,m
2,Yara,w
2,Teoman,m
2,Zehra,w
2,Theodor,m
2,Zoé,w
2,Volker,m
2,Zümra,w
2,William,m
2,Yasin,m
2,Yigit,m
2,Yusein,m
2,Yuşa,m
1,(Vorname,w
1,Aaila,w
1,Aaliya,w
1,Aarya,w
1,Achelya,w
1,Aamir,m
1,Ada,w
1,Abdalhasiyb,m
1,Adela,w
1,Abdul,m
1,Adelina,w
1,Abdulhakim,m
1,Adriana,w
1,Abdullah,m
1,Aisha,w
1,Abhiraj,m
1,Aişe,w
1,Abraham,m
1,Ajla,w
1,Abyan,m
1,Ala,w
1,Achille,m
1,Albesa,w
1,Achim,m
1,Albnora,w
1,Adelin,m
1,Aleah,w
1,Adlanović,m
1,Aleksandra,w
1,Agah,m
1,Alexa,w
1,Ahmad-Mehdi,m
1,Alin,w
1,Ahmet-Eren,m
1,Alisha,w
1,Aiden,m
1,Alison,w
1,Akay,m
1,Aliyah,w
1,Akbar,m
1,Allegra,w
1,Al-Malik,m
1,Alma,w
1,Albin,m
1,Altina,w
1,Albion,m
1,Alyssa,w
1,Aldin,m
1,Amadea,w
1,Ali-Ensar,m
1,Amanda,w
1,Alin,m
1,Amara,w
1,Alnis,m
1,Amber,w
1,Alpay,m
1,Amelia-Lou,w
1,Alperen,m
1,Amely,w
1,Alpha,m
1,Amilia,w
1,Altan,m
1,Amir,w
1,Althom,m
1,Amitiss,w
1,Altion,m
1,Amy,w
1,Amed,m
1,Amèlie,w
1,Amel,m
1,Ana,w
1,Amir,m
1,Anastasia-Varvara,w
1,Amiro,m
1,Anaya,w
1,Ammar,m
1,Andreea,w
1,Amos,m
1,Andriyanova,w
1,Andi,m
1,Anea,w
1,André,m
1,Anela,w
1,Anes,m
1,Angelia,w
1,Angelos,m
1,Angelina,w
1,Anik,m
1,Anginell,w
1,Antoni,m
1,Ani,w
1,Antonino,m
1,Anika,w
1,Antonio,m
1,Anike,w
1,Antonius,m
1,Anjulie,w
1,Antony,m
1,Ann,w
1,Anwer,m
1,Annabelle,w
1,Araz,m
1,Annie,w
1,Arcade,m
1,Annika,w
1,Ardil,m
1,Antoaneta,w
1,Ardit,m
1,Antoinette,w
1,Ardonis,m
1,Antonie,w
1,Aren,m
1,Antonina,w
1,Ari,m
1,Aria,w
1,Aris,m
1,Arianna,w
1,Arlind,m
1,Arina,w
1,Armando,m
1,Ariola,w
1,Arthit,m
1,Aristea,w
1,Artian,m
1,Arya,w
1,Aryan,m
1,Asenova,w
1,Askan,m
1,Assija,w
1,Atila,m
1,Asya,w
1,Atilla,m
1,Atullya,w
1,Attila,m
1,Avelina,w
1,Avdi,m
1,Avivan,w
1,Avdija,m
1,Ayete,w
1,Ayan,m
1,Ayleen,w
1,Ayden,m
1,Aymara,w
1,Ayomide,m
1,Ayra,w
1,Baha-Enes,m
1,Ayten,w
1,Bahoz,m
1,Azahara,w
1,Baki,m
1,Banu,w
1,Balian,m
1,Barbara,w
1,Bastian,m
1,Baya,w
1,Bayram,m
1,Beate,w
1,Beat,m
1,Beatrice,w
1,Bebe,m
1,Begüm,w
1,Bedirhan,m
1,Bengül,w
1,Bekir,m
1,Berfin,w
1,Belgin,m
1,Beril,w
1,Ben-Massimiliano,m
1,Bettina,w
1,Bendeguz,m
1,Betty,w
1,Benedek,m
1,Bianca,w
1,Berk,m
1,Bina,w
1,Berkan,m
1,Biricik,w
1,Berkay,m
1,Birsen,w
1,Bernd,m
1,Blerona,w
1,Betuel,m
1,Bleta,w
1,Beytullah,m
1,Bletare,w
1,Bilel,m
1,Boncheva,w
1,Birgin,m
1,Buğlem,w
1,Birhan,m
1,Byan,w
1,Blenar,m
1,Camille,w
1,Blend,m
1,Cansu,w
1,Bob,m
1,Cassiopeia,w
1,Bobby,m
1,Caterina,w
1,Bogdau,m
1,Celia,w
1,Boran,m
1,Cennet,w
1,Brian,m
1,Ceylin,w
1,Bryan,m
1,Ceysu,w
1,Bálint,m
1,Charlenne,w
1,Cahit,m
1,Charlène,w
1,Carl,m
1,Chloé,w
1,Carlos,m
1,Ciara,w
1,Carsten,m
1,Claire,w
1,Casper,m
1,Clarissa,w
1,Castiel,m
1,Clea,w
1,Catrell,m
1,Contesa,w
1,Caush,m
1,Cornelia,w
1,Cedrik,m
1,Céline,w
1,Celal,m
1,Cătălin,w
1,Cem,m
1,Dalia,w
1,Cemre,m
1,Daliah,w
1,Cesar,m
1,Dalina,w
1,Ceyden,m
1,Dana,w
1,Charles,m
1,Daniela,w
1,Chijioke,m
1,Darina,w
1,Chima,m
1,Daviella,w
1,Christof,m
1,Davinja,w
1,Cihan,m
1,Deborah,w
1,Clemens,m
1,Defne,w
1,Collin,m
1,Defne-Zennur,w
1,Connor,m
1,Delaja,w
1,Cosmo,m
1,Delal,w
1,Cristian,m
1,Derya,w
1,Cristiano,m
1,Diana,w
1,Cuauhtémoc,m
1,Diesa,w
1,Damien,m
1,Dilan,w
1,Daniele,m
1,Dilara,w
1,Danil,m
1,Dilayla,w
1,Danilo,m
1,Dilin,w
1,Danyal,m
1,Diola,w
1,Dario,m
1,Donisa,w
1,Darwin,m
1,Dora,w
1,Daryl,m
1,Dorina,w
1,Davin,m
1,Doris,w
1,Deli,m
1,Dorota,w
1,Demian,m
1,Dorothea,w
1,Denniz,m
1,Doruntina,w
1,Desroses,m
1,Duha,w
1,Destan,m
1,Dzhyuneyt,w
1,Devid,m
1,Dünya,w
1,Deyvid,m
1,Ebrar,w
1,Diamant,m
1,Ece,w
1,Diego,m
1,Ecem,w
1,Dieter,m
1,Ecrin,w
1,Dilshad,m
1,Edeltraud,w
1,Dilşad,m
1,Ederlinda,w
1,Dimitrios,m
1,Efrosina,w
1,Dionis,m
1,Ejla,w
1,Dior,m
1,Elana,w
1,Djamal,m
1,Elanur,w
1,Don,m
1,Eleana,w
1,Donyell,m
1,Elenor,w
1,Dorian,m
1,Eleonore,w
1,Dren,m
1,Elijana,w
1,Durhan,m
1,Elin,w
1,Dustin,m
1,Elisa-Christine,w
1,Dylan,m
1,Elissa,w
1,Ebu,m
1,Ellen,w
1,Ediz,m
1,Ellie,w
1,Edon,m
1,Ellis,w
1,Eduard,m
1,Elly,w
1,Edward,m
1,Elmedina,w
1,Ege,m
1,Elora,w
1,Egemen,m
1,Elya,w
1,Ehinor,m
1,Emily-Sophie,w
1,Ekin,m
1,Emmi,w
1,El-Amin,m
1,Emmy,w
1,Eldion,m
1,Enea,w
1,Elham,m
1,Enisa,w
1,Eliah,m
1,Enise,w
1,Elio,m
1,Enissa,w
1,Emilov,m
1,Era,w
1,Emirhan,m
1,Erblina,w
1,Emma,m
1,Erica,w
1,Emmanuel,m
1,Esin,w
1,Endrit,m
1,Eslina,w
1,Enrique,m
1,Estell,w
1,Ercan,m
1,Estella,w
1,Erhard,m
1,Estera,w
1,Erich,m
1,Evelin,w
1,Erick-Vladimir,m
1,Evelina,w
1,Eridon,m
1,Evelyn-Angelina,w
1,Eris,m
1,Evgenieva,w
1,Erkan,m
1,Eysan,w
1,Erol,m
1,Fabienne,w
1,Eron,m
1,Fatime,w
1,Ersin,m
1,Fay,w
1,Ertuğrul,m
1,Fayel,w
1,Eryk,m
1,Fea,w
1,Estelle,m
1,Federica,w
1,Evan,m
1,Fee,w
1,Fabrizio,m
1,Felicity,w
1,Faris,m
1,Fenja,w
1,Faruk,m
1,Ferenc,w
1,Fatih,m
1,Finja,w
1,Feim,m
1,Fjona,w
1,Fellah,m
1,Florina,w
1,Fenno,m
1,Fotiní,w
1,Ferhat,m
1,Francesca,w
1,Filip,m
1,Freya,w
1,Filippo,m
1,Frida,w
1,Filîtxan,m
1,Friederike,w
1,Fin,m
1,Funda,w
1,Flynn,m
1,Gabriela,w
1,Fran,m
1,Gabriele,w
1,Franjo,m
1,Genoveva,w
1,Franz,m
1,Gerda,w
1,Frederic,m
1,Giulia,w
1,Frederik,m
1,Giuliana,w
1,Fredy,m
1,Giulietta,w
1,Fritz,m
1,Gizem,w
1,Gaetano,m
1,Golnuch,w
1,Georgiev,m
1,Gracia,w
1,Gerhard,m
1,Güle,w
1,Getoar,m
1,Gülsüm,w
1,Ghafur,m
1,Habibe,w
1,Gideon,m
1,Hacenur,w
1,Gioele,m
1,Hailey,w
1,Giosué,m
1,Hailey-Lia,w
1,Giulio,m
1,Hailie,w
1,Goran,m
1,Halima,w
1,Goscho,m
1,Hanife,w
1,Gratien,m
1,Hannah-Isabell,w
1,Grigor,m
1,Hannah-Joleen,w
1,Gurshant,m
1,Hava,w
1,Gökay,m
1,Hayrünnisa,w
1,Gökhan,m
1,Hedda,w
1,Günay,m
1,Heidi,w
1,Güney,m
1,Helen,w
1,Hakim,m
1,Helyn,w
1,Haliscan,m
1,Heyden,w
1,Hani,m
1,Hiba,w
1,Hartmut,m
1,Hilal,w
1,Hasan,m
1,Himena,w
1,Hazir,m
1,Hiranur,w
1,Heji,m
1,Honey,w
1,Hellmuth,m
1,Ilana,w
1,Helmut,m
1,Ilayda,w
1,Henrik,m
1,İlayda,w
1,Herbert,m
1,Ilenay,w
1,Herdem,m
1,İlkim,w
1,Herman,m
1,Ilkim,w
1,Heval,m
1,Ilona,w
1,Hoz,m
1,Ilora,w
1,İbrahim,m
1,Ilyne,w
1,Idahosa,m
1,Ina,w
1,Idris,m
1,Ingrid,w
1,Igorović,m
1,Inşirah,w
1,Ikponmwosa,m
1,Ioana,w
1,Ilhanov,m
1,Ipek,w
1,Ilias,m
1,İrem,w
1,Ilirian,m
1,Irina,w
1,Ilya,m
1,Ischani,w
1,Immanuel,m
1,İsra,w
1,İnanç,m
1,Israa,w
1,Innocenzo,m
1,Jacqueline,w
1,İsa,m
1,Jamie,w
1,İslam,m
1,Janet,w
1,Ismail,m
1,Janice,w
1,İsmail,m
1,Janina,w
1,Issa,m
1,Jasmitha,w
1,Ivan,m
1,Jelse,w
1,Ivano,m
1,Jemima,w
1,Ivelin,m
1,Jennet,w
1,Jabez,m
1,Jennifer,w
1,Jake,m
1,Jenny,w
1,Jakob-Alexander,m
1,Jessica,w
1,James,m
1,Jessie,w
1,Jamiro,m
1,Jingqi,w
1,Janis,m
1,Jiyan,w
1,Janne,m
1,Joeleen,w
1,Janosch,m
1,Joelin,w
1,Janusz,m
1,Jolin,w
1,Jari,m
1,Jordin,w
1,Jaro,m
1,Juli,w
1,Jasin,m
1,Juliana,w
1,Jasper,m
1,Jutta,w
1,Jawin,m
1,Kadriye,w
1,Jens,m
1,Kafiye,w
1,Jeremias,m
1,Kaitlyn,w
1,Jeremy,m
1,Karin,w
1,Jerome,m
1,Katerina,w
1,Jerome-Michael,m
1,Kathrin,w
1,Jesper,m
1,Khalid,w
1,Jetmir,m
1,Kim,w
1,Jing,m
1,Kim-Sophie,w
1,Joachim,m
1,Kira,w
1,Joah,m
1,Konstanzia,w
1,Joel-Pascal,m
1,Kristin,w
1,Jones,m
1,Krystina,w
1,Joscha,m
1,Kyara,w
1,Jose,m
1,Käthchen,w
1,Josua,m
1,Kübra,w
1,Josuel,m
1,Laila,w
1,Jules,m
1,Lara-Sophie,w
1,Julien,m
1,Larisa,w
1,Junes,m
1,Larysa,w
1,Jury,m
1,Lavenja,w
1,Justin,m
1,Lavinia,w
1,Jutas,m
1,Lawin,w
1,Jörg,m
1,Layan,w
1,Kadir,m
1,Layla,w
1,Kai,m
1,Lea-Sofie,w
1,Kajo,m
1,Leandra,w
1,Kantianos,m
1,Lee,w
1,Karam,m
1,Lena-Sophie,w
1,Karim,m
1,Lenja,w
1,Karthik,m
1,Leoni,w
1,Kassem,m
1,Leonie-Sophie,w
1,Kavin,m
1,Leonite,w
1,Kay,m
1,Leonor,w
1,Kei,m
1,Leonore,w
1,Kenan,m
1,Li,w
1,Kenanov,m
1,Lia-Marie,w
1,Kendy,m
1,Lia-Sophie,w
1,Kerim,m
1,Liara,w
1,Keyan,m
1,Lielle,w
1,Kilian,m
1,Lijana,w
1,Kimi,m
1,Lili,w
1,Kinan,m
1,Liliana,w
1,Klaus,m
1,Lilith,w
1,Konrad,m
1,Lilliana,w
1,Konstantinos,m
1,Lily,w
1,Kristian,m
1,Lilyan,w
1,Kristiyan,m
1,Lima,w
1,Krisztián,m
1,Lionne,w
1,Kubilay,m
1,Lisa-Mari,w
1,Kumar,m
1,Liselotte,w
1,Kushtrim,m
1,Lissy,w
1,Kuzey,m
1,Livy,w
1,Kyle,m
1,Liyan,w
1,Lance,m
1,Loela,w
1,Laron,m
1,Lola,w
1,Lauand,m
1,Lonika,w
1,Lazar,m
1,Lore,w
1,Leano,m
1,Lou,w
1,Leart,m
1,Lou-Ann,w
1,Leiv,m
1,Louisa,w
1,Leland-Sheamus,m
1,Louise,w
1,Lennon,m
1,Lovelyn-Lou,w
1,Lenny,m
1,Lucienne,w
1,Leon-Alexander,m
1,Lucile,w
1,Leon-Noah,m
1,Lucinda,w
1,Leonel,m
1,Luhanna,w
1,Leroy,m
1,Luiza,w
1,Levar,m
1,Luna-Sophie,w
1,Levent,m
1,Luzia,w
1,Levente,m
1,Luzie,w
1,Liano,m
1,Madhu,w
1,Lien,m
1,Madleen,w
1,Lionel,m
1,Maheen,w
1,Liyan,m
1,Mahpari,w
1,Logan,m
1,Maila,w
1,Loki,m
1,Mailin,w
1,Lorian,m
1,Malea,w
1,Lorik,m
1,Malin,w
1,Lovell,m
1,Maliyah,w
1,Luc,m
1,Malu,w
1,Lucien,m
1,Manea,w
1,Lui,m
1,Maren,w
1,Luigi,m
1,Margarita,w
1,Luther,m
1,Marianne,w
1,Léon,m
1,Mariayama,w
1,Mabruk,m
1,Maribell,w
1,Mads,m
1,Mariel,w
1,Mael,m
1,Marielle,w
1,Magnus,m
1,Marilu,w
1,Maik,m
1,Mariova,w
1,Maksim,m
1,Marla,w
1,Maksymilian,m
1,Marlena,w
1,Malek,m
1,Marley,w
1,Malo,m
1,Marli,w
1,Malsor,m
1,Marlie,w
1,Manfred,m
1,Marry,w
1,Mansour,m
1,Marta,w
1,Marco,m
1,Martina,w
1,Marijo,m
1,Martine,w
1,Marius,m
1,Mary,w
1,Marley,m
1,Maryam,w
1,Marlo,m
1,Masal,w
1,Marwin,m
1,Matea,w
1,Matei,m
1,Mathilde,w
1,Mathias,m
1,Maximiliana,w
1,Mathis,m
1,Mayleen,w
1,Mattheo,m
1,Maylin,w
1,Matthew,m
1,Medine,w
1,Matthias,m
1,Meggy,w
1,Matthäus,m
1,Mehmed,w
1,Mattia,m
1,Meike,w
1,Mattias,m
1,Mel,w
1,Matwej,m
1,Melis,w
1,Maurice,m
1,Meliya,w
1,Maxime,m
1,Melody,w
1,Mazen,m
1,Melsa,w
1,Maël,m
1,Mercedes,w
1,Mehmet-Akif,m
1,Merú,w
1,Mehmethan,m
1,Meteora,w
1,Meiko,m
1,Meyra,w
1,Melih,m
1,Mia-Lena,w
1,Mete,m
1,Mia-Sophie,w
1,Metin,m
1,Mija,w
1,Mex,m
1,Mikayla,w
1,Meylo,m
1,Mila-Natalie,w
1,Mian,m
1,Mila-Noemi,w
1,Michal,m
1,Milara,w
1,Michele,m
1,Milla,w
1,Mick,m
1,Mirabel,w
1,Miguel,m
1,Mirea,w
1,Miha,m
1,Mizgin,w
1,Mikail,m
1,Mohammed,w
1,Mikko,m
1,Mona,w
1,Miklos,m
1,Movlidovna,w
1,Mikolaj,m
1,Nadia,w
1,Milad,m
1,Nadine,w
1,Milano,m
1,Narin,w
1,Milian,m
1,Nataša,w
1,Milo,m
1,Navina,w
1,Miran,m
1,Naya,w
1,Miraç,m
1,Nea,w
1,Miron,m
1,Neela,w
1,Mirza,m
1,Nelli,w
1,Mohsin,m
1,Nicolas,w
1,Moritz-Jonathan,m
1,Nike,w
1,Morris,m
1,Nilüfer,w
1,Moses,m
1,Ninett,w
1,Mounir,m
1,Noana,w
1,Muhammet,m
1,Noelia,w
1,Muhammettaha,m
1,Noor,w
1,Murat,m
1,Nori,w
1,Mustaba,m
1,Nour,w
1,Mütabil,m
1,Noémi,w
1,Naib,m
1,Noémie,w
1,Naor,m
1,Nuria,w
1,Naron,m
1,Nursel,w
1,Nathan,m
1,Nursima,w
1,Nathaniel,m
1,Nurşen,w
1,Nearchos,m
1,Oda,w
1,Necmeddin,m
1,Onyekachi,w
1,Nedelchev,m
1,Pasije,w
1,Ness,m
1,Patricia,w
1,Nev,m
1,Paulina,w
1,Nevio,m
1,Pearl,w
1,Nic,m
1,Pera,w
1,Nicklas,m
1,Philomena,w
1,Nicolas-Mihai,m
1,Plamena,w
1,Niko,m
1,Qaddus,w
1,Nikodem,m
1,Qays,w
1,Nikolai,m
1,Queen,w
1,Nikolas,m
1,Rabia,w
1,Nino,m
1,Rabija,w
1,Niwar,m
1,Radintari,w
1,Noa,m
1,Raissa,w
1,Noah-Joel,m
1,Rajana,w
1,Noar,m
1,Ravea,w
1,Noell,m
1,Ravza,w
1,Noemi,m
1,Raya,w
1,Nouel,m
1,Rebecca,w
1,Nurettin,m
1,Regina,w
1,Nurullah,m
1,Ria,w
1,Nyo-Chicago,m
1,Rialda,w
1,Nándor,m
1,Riana,w
1,Omer,m
1,Rida,w
1,Orion,m
1,Rima,w
1,Orlinov,m
1,Rinesa,w
1,Otto,m
1,Ritaj,w
1,Paolo,m
1,Roana,w
1,Pasquale,m
1,Robena,w
1,Patrik,m
1,Roberta,w
1,Pavel,m
1,Rojda,w
1,Philip,m
1,Rosario,w
1,Pierre,m
1,Rose,w
1,Piotr,m
1,Rosemarie,w
1,Pius,m
1,Ruth,w
1,Rabie,m
1,Rym,w
1,Rahul,m
1,Sabri,w
1,Ramon,m
1,Sabrije,w
1,Ramon-Leandro,m
1,Sabrina,w
1,Raphael-Leon,m
1,Sabriyee,w
1,Rayan,m
1,Sahra,w
1,Rayan-Hamza,m
1,Salome,w
1,Raychev,m
1,Sandy,w
1,Razvan,m
1,Santina,w
1,Rebaz,m
1,Sarafina,w
1,Regaib,m
1,Sarin,w
1,Regi,m
1,Sarolta,w
1,Remo,m
1,Saskia,w
1,René,m
1,Seline,w
1,Ridvan,m
1,Selma,w
1,Rion,m
1,Sema,w
1,Riza,m
1,Semanur,w
1,Rohat,m
1,Semra,w
1,Rojhat,m
1,Sengül,w
1,Roman,m
1,Seraphina,w
1,Romeo,m
1,Serena,w
1,Ronny,m
1,Sevgi,w
1,Rune,m
1,Sevim,w
1,Rustam,m
1,Shaima,w
1,Ryu,m
1,Shana,w
1,Rüstem,m
1,Shania,w
1,Sahil,m
1,Shelly,w
1,Said,m
1,Sidra,w
1,Sait,m
1,Sila,w
1,Salah,m
1,Silva,w
1,Sali,m
1,Silvena,w
1,Salih,m
1,Silviu,w
1,Samet,m
1,Sima,w
1,Sami,m
1,Simay,w
1,Samir,m
1,Simba,w
1,Samuele,m
1,Simeonova,w
1,Sanjay,m
1,Simer,w
1,Santiago,m
1,Sinja,w
1,Santolo,m
1,Sirin,w
1,Sashev,m
1,Sissi,w
1,Scott,m
1,Snejana,w
1,Sean,m
1,Sofía,w
1,Sefa,m
1,Soley,w
1,Selahattin,m
1,Soraja,w
1,Sem,m
1,Stefania,w
1,Semun,m
1,Stefanova,w
1,Sencer,m
1,Strahilova,w
1,Serdar,m
1,Su,w
1,Serhat,m
1,Sude,w
1,Seyit,m
1,Sue,w
1,Seyyid,m
1,Sultan,w
1,Seán,m
1,Susann,w
1,Shadrach,m
1,Suzan,w
1,Shahin,m
1,Sylvia,w
1,Shamil,m
1,Tahira,w
1,Shane,m
1,Tahirova,w
1,Shemsidinov,m
1,Taina,w
1,Shervin,m
1,Taisija,w
1,Silvio,m
1,Talia,w
1,Simeon,m
1,Talitha,w
1,Simone,m
1,Tamia,w
1,Sion,m
1,Tayana,w
1,Soel,m
1,Taylor,w
1,Sophia,m
1,Tereza,w
1,Stoyanov,m
1,Tessa,w
1,Sándor,m
1,Thalia,w
1,Tabish,m
1,Theresia,w
1,Tamay,m
1,Thessa,w
1,Tamer,m
1,Tina,w
1,Tamino,m
1,Tirza,w
1,Taras,m
1,Trinity,w
1,Tayhan,m
1,Tuana,w
1,Taylan,m
1,Tuğce,w
1,Theobald,m
1,Türkan,w
1,Thomas,m
1,und,w
1,Thorin,m
1,Ursula,w
1,Thorsten,m
1,Valerie,w
1,Tiago,m
1,Valerieva,w
1,Tilo,m
1,Valide,w
1,Tobechukwu,m
1,Vana,w
1,Tomasz,m
1,Vatersname),w
1,Tomislav,m
1,Vera,w
1,Tommaso,m
1,Vida,w
1,Tommy,m
1,Viola,w
1,Toni,m
1,Violeta,w
1,Torben,m
1,Vlona,w
1,Travis,m
1,Vlora,w
1,Tristan,m
1,Wanda,w
1,Tuna,m
1,Weronika,w
1,Tunahan,m
1,Wilhelmine,w
1,Tuncay,m
1,Xena,w
1,Turab,m
1,Xinyan,w
1,Tyler-Eliah,m
1,Ya,w
1,Uchenna,m
1,Yade,w
1,Ufuk,m
1,Yanisa,w
1,Ulas,m
1,Yasemin,w
1,Utku,m
1,Yashaswini,w
1,Venko,m
1,Yasmina,w
1,Viktor,m
1,Ylenia,w
1,Vito,m
1,Yllka,w
1,Vitus,m
1,Ylvi,w
1,Vladislav,m
1,Yuna,w
1,Vlassios,m
1,Yva,w
1,Válentin,m
1,Zainab,w
1,Walter,m
1,Zelal,w
1,Wen,m
1,Zeliha,w
1,Werner,m
1,Zeyneb,w
1,Willi,m
1,Zhuoyi,w
1,Wim,m
1,Zhuyi,w
1,Wladislaw,m
1,Zilan,w
1,Xaver,m
1,Zoey,w
1,Yakub,m
1,Zoey-Joleen,w
1,Yannis,m
1,Zofia,w
1,Yasar,m
1,Zohra,w
1,Yasir,m
1,Zouhour,w
1,Yassin,m
1,Çiğdem,w
1,Yiğit,m
1,Öykü,w
1,Yll,m
1,Özlem,w
1,Ymrimon,m
1,Şeyma,w
1,Yuma,m
1,Yunus,m
1,Yuriev,m
1,Zain,m
1,Zana,m
1,Zhorov,m
1,Zinar,m
1,Áron,m
1,Çınar,m
1,Étienne,m
1,Ömercan,m
1,Özcan,m
1,Şehmuz,m
